_id,quantity,reason,date,createdAt,updatedAt,__v,supply_id,user_id
6811bcbeb4788402d45a9be7,2,demo,2025-04-30T00:00:00.000Z,2025-04-30T06:01:34.720Z,2025-05-02T00:48:08.904Z,0,6811bc7448a8a1fadd21a018,67fc689eb4cc664232b4a77e
6811bcfc8d12019941dd60fc,1,fever,2025-04-15T00:00:00.000Z,2025-04-30T06:02:36.780Z,2025-05-02T00:53:01.975Z,0,6811bc7448a8a1fadd21a017,67fc689eb4cc664232b4a77a
681418516fa3718ed9e8f2a3,18,demo,2025-05-02T00:00:00.000Z,2025-05-02T00:56:49.884Z,2025-05-02T00:56:49.884Z,0,6811bc7448a8a1fadd21a018,67fc689eb4cc664232b4a77c
68141de467e90c858aa7ea6a,200,Demo,2025-05-02T00:00:00.000Z,2025-05-02T01:20:36.195Z,2025-05-02T01:20:36.195Z,0,6811bc7448a8a1fadd21a018,67fc689eb4cc664232b4a77a
68144056286ce0dc34501a6d,300,Demo,2025-05-02T03:47:34.642Z,2025-05-02T03:47:34.702Z,2025-05-02T03:47:34.702Z,0,6811bc7448a8a1fadd21a018,67fc689eb4cc664232b4a77e
681441dd314cdcfa55957a40,150,demo,2025-05-02T03:54:05.418Z,2025-05-02T03:54:05.457Z,2025-05-02T03:54:05.457Z,0,6811bc7448a8a1fadd21a01a,67fc689eb4cc664232b4a77e
681442f5314cdcfa55957ad6,150,demo,2025-05-02T03:58:45.404Z,2025-05-02T03:58:45.444Z,2025-05-02T03:58:45.444Z,0,6811bc7448a8a1fadd21a01a,67fc689eb4cc664232b4a77a
68144387314cdcfa55957b0f,1,demo,2025-05-02T04:01:11.584Z,2025-05-02T04:01:11.637Z,2025-05-02T04:01:11.637Z,0,6811bc7448a8a1fadd21a019,67fc689eb4cc664232b4a77e
6815660a9dbb05afefd8551e,500,virus,2025-05-03T00:40:42.083Z,2025-05-03T00:40:42.122Z,2025-05-03T00:40:42.122Z,0,6811bc7448a8a1fadd21a01b,67fc689eb4cc664232b4a77a
